,ABBREVIATIONS,,,By Megrim & Valkyrial based on original by 44Bananas,ZOOM,,,
Multishot,MS,TOX,Toxin,,,,[ Vintage refers to stats that are no longer able to be rolled.,[ Negative Heavy Attack Efficiency is not ideal for Heavy Attack spamming. Heavy spam builds use Initial Combo
Damage,DMG,ELEC,Electric,Notable contributions by lia,,,Check third sheet at the bottom of this document for a complete list ],which is consumed on heavy attack and regenerates quickly but can be noticeable when spamming ]
Critical Chance,CC,IMP,Impact,Special thanks to Shohei Ohtani,,,,
Critical Damage,CD,PUNC,Puncture,,,,[ Some weapons can roll physical damage types that are not present on them.,"[ Negative Finisher Damage is harmful to [Melee Crescendo] (though it's a niche arcane),"
Status Chance,SC,SL,Slash,For suggestions message megrims. on Discord,,EVEN,There is no logic to it and will be pointed out with a (0%) mark ],"which gives extra Initial Combo on finisher kills, and to single daggers exclusive [Covert Lethality] builds and in general"
Status Duration,SD,MAG,Magazine Capacity,,,,,being the only melee class able to open enemies to finishers on demand with heavy attacks.
Fire Rate,FR,PFS,Projectile Flight Speed,Notes,OUT!!!,MORE,"[ Negative Ammo Max and Magazine Capacity have no effect on all incarnon modes,",Finisher animations used to be easy to enter unintentionally when spamming melee key
Attack Speed,AS,REC,Recoil,,,,but won't have much sale value for rolls other than MS CD CC ],which made it less ideal as a negative. It has been changed to not be able to enter finisher animations
Range,RNG,Z,Zoom,,,NOTES,,with melee key so how harmful it is depends on if you actively want to use finishers ]
Punch Through,PT,DTG,Damage to Grineer,[ MS CD CC and AS RNG CD often have the most sale value,,,[ Fr / Tox for second positive slot is an easy to equip,
Reload Speed,RLS,DTC,Damage to Corpus,regardless of weapon CC being useless ],,⟶,slot-saving alternative on low riven disposition secondaries ],"[ Negative Magazine Capacity has no effect on all non-crossbow bows, having 1 arrow magazines that can't be modified,"
Additional Combo Count Chance,CCC,DTI,Damage to Infested,,,,,and can generally be considered harmless on 1 shot magazine weapons ]
Initial Combo,IC,infl,Specifically for [Melee Influence],[ Weapons with multiple rows are ordered by usability ],,,"[ Generally, except for status priming rolls, +Status Chance rolls want negative Impact or Puncture",
Heavy Attack Efficiency,EFF,inc,Specifically for Incarnon Mode,,,,"for better weighting to increase the proc chance of other damage types, most often slash ]",[ Negative Zoom is popular on snipers for making aiming at close range easier while scoped in for scope bonuses ]
Finisher Damage,FIN,2+1-,2 positives with a negative,[ > & / indicates priority order balanced between sale value and usability ],,,,
Slide Attack Critical Chance,SLIDE,2p1n,,,,,,
Name,Positives,,,Negatives,NOTES,,,
,,,,,,,,
[Acceltra],MS,CD > TOX,CC / TOX > FR / DMG / SC,IMP > Z > REC,,,,
,,,,,,,,
[Ack & Brunt],AS,RNG,CD > ELEC(infl),SLIDE / FIN / EFF / SL(infl),,,,
,,,,,,,,
,CC,CD,DMG / AS,,,,,
,,,,,,,,
[Acrid],MS,DMG,SC / TOX / FR,Z > REC,* CC roll bad for use but sells,,,
,,,,,,,,
,MS,CD,CC* > FR / TOX / DMG / SC,,,,,
,,,,,,,,
[Aegrit],CD,CC,DMG / TOX / FR,IMP > Z > REC,* MS not ideal for use,,,
,,,,,,,,
,MS*,CD,CC > FR / TOX / SC,,,,,
,,,,,,,,
[Aeolak],MS,CD,CC > TOX / FR / DMG / SC,IMP > Z  > PUNC > REC,,,,
,,,,,,,,
[Afentis],MS,CD / CC,CC > TOX / FR / DMG / SC,PUNC > Z > REC,,,,
,,,,,,,,
[Afuris],MS,CD,CC > FR / TOX / DMG / SC,PUNC > Z / PFS* > REC,* Vintage negative,,,
,,,,,,,,
[Akarius],MS,CD,TOX / CC* / DMG / FR / SC,IMP > Z > REC,* CC roll bad for use but sells well,,,
,,,,,,,,
,MS,TOX,DMG / SC / MAG / FR,,,,,
,,,,,,,,
[Akaten],CC,DMG,CD,PUNC > SLIDE / FIN / EFF,,,,
,,,,,,,,
,AS,RNG,CD,,,,,
,,,,,,,,
[Akbolto],MS,CD,CC > FR / TOX / DMG / SC,PUNC > Z > REC,,,,
,,,,,,,,
[Akbronco],MS,TOX,DMG,IMP* > Z > REC,* -IMP not wanted for Mag bubble but sells well,,,
,,,,,,,,
,MS,CD,CC > FR / TOX / DMG / SC,,,,,
,,,,,,,,
[Akjagara],MS,CD,CC > FR / TOX / DMG / SC,Z / PFS* > SL > REC,* Vintage negative,,,
,,,,,,,,
[Aklato],MS,CD,CC > FR / TOX / DMG / SC,Z / PFS* > REC,* Vintage negative,,,
,,,,,,,,
[Aklex],MS,CD,CC > FR / TOX / DMG / SC,PUNC > Z / PFS* > REC,* Vintage negative,,,
,,,,,,,,
[Akmagnus],MS,CD,CC > FR / TOX / DMG / SC,IMP > Z / PFS* / PUNC > REC,* Vintage negative,,,
,,,,,,,,
[Aksomati],MS,CD,CC > FR / TOX / DMG / SC,PUNC > Z / PFS* > REC,* Vintage negative,,,
,,,,,,,,
[Akstiletto],MS,CD,CC > FR / TOX / DMG / SC,IMP > Z / PFS* >REC,* Vintage negative,,,
,,,,,,,,
[Akvasto],MS,CD,CC > FR / TOX / DMG / SC,Z / PFS* > REC,* Vintage negative,,,
,,,,,,,,
[Akzani],MS,CD,CC > FR / TOX / DMG / SC,PUNC > Z / PFS* > REC,* Vintage negative,,,
,,,,,,,,
[Alternox],MS,CD,CC > TOX / FR / DMG / SC,Z > REC,,,,
,,,,,,,,
,MS,DMG,FR / TOX / SC,,,,,
,,,,,,,,
[Amanata],AS,RNG,CD > ELEC(infl),SLIDE / FIN / EFF / SL(infl),,,,
,,,,,,,,
,CC,CD,DMG / AS,,,,,
,,,,,,,,
[Ambassador],MS,CD,CC > TOX / FR / DMG / SC,Z > REC,,,,
,,,,,,,,
,CC,CD,DMG / TOX / FR,,[Primary Acuity] rolls,,,
,,,,,,,,
[Amphis],AS,RNG,CD > ELEC(infl),IMP > SLIDE / FIN / EFF,,,,
,,,,,,,,
,CC,CD,DMG,,,,,
,,,,,,,,
[Amprex],MS,CD,CC > TOX / FR /  DMG / SC,Z > REC,,,,
,,,,,,,,
[Anku],AS,RNG,CD > ELEC(infl),PUNC > SLIDE / FIN / EFF,,,,
,,,,,,,,
,CC,CD,DMG / AS,,,,,
,,,,,,,,
[Ankyros],AS,RNG,CD > ELEC(infl),IMP > SLIDE / FIN / EFF,,,,
,,,,,,,,
,CC,CD,DMG / AS,,,,,
,,,,,,,,
[Angstrum],MS,CD,CC > FR / TOX / DMG / SC,Z > REC > AMMO(inc),,,,
,,,,,,,,
[Arbucep],MS,CD,CC > TOX / FR / DMG / SC,Z > REC,,,,
,,,,,,,,
[Arca Plasmor],MS,CD,CC / FR / TOX / DMG / SC,REC > AMMO,,,,
,,,,,,,,
[Arca Scisco],MS,CD,CC > FR / TOX / DMG /SC,PUNC > Z / PFS* > REC,* Vintage negative,,,
,,,,,,,,
[Arca Titron],CC,DMG,ELEC(infl) / CD > IC,IMP > SLIDE / FIN / EFF* / SL,* -EFF not ideal for Heavy Attack spam,,,
,,,,,,,,
,AS,RNG,CD > ELEC(infl),,,,,
,,,,,,,,
[Argo & Vel],AS,RNG,CD > ELEC(infl),SLIDE / FIN / EFF / SL(infl),,,,
,,,,,,,,
,CC,CD,DMG / AS,,,,,
,,,,,,,,
[Argonak],MS,CC > CD,CC > TOX / FR / DMG / SC,IMP > Z > REC,,,,
,,,,,,,,
[Arum Spinosa],AS,RNG,CD > ELEC(infl),SLIDE / FIN / EFF / SL(infl),,,,
,,,,,,,,
,CC,CD,DMG > AS,,,,,
,,,,,,,,
[Artax],MS,TOX,DMG,DTI > DTC,,,,
,,,,,,,,
[Astilla],MS,CD,CC > FR / TOX / DMG / SC,IMP > REC,,,,
,,,,,,,,
[Athodai],MS,CD,CC > FR / TOX / DMG / SC / PT,Z > REC,,,,
,,,,,,,,
[Atomos],MS,CD,CC > FR / TOX / DMG / SC,Z > REC > AMMO > MAG,,,,
,,,,,,,,
[Atterax],AS,RNG,CD > ELEC(infl),SLIDE / FIN / EFF / SL(infl),,,,
,,,,,,,,
,CC,CD,DMG / AS,,,,,
,,,,,,,,
[Attica],MS,CD,CC > TOX / FR / DMG / SC,PUNC > Z > REC,,,,
,,,,,,,,
[AX-52],MS,CD,CC > TOX / FR / DMG > SC,Z / PUNC* > REC,* -PUNC removes most of the base damage but sells well,,,
,,,,,,,,
,CD,CC / DMG,DMG / TOX / FR,,"[Primary Acuity] rolls  |  Gets +400% headshot CC when aiming,",,,
,,,,,but rolls without CC still sell worse. DMG doesn't sell well but is ideal,,,
[Azima],MS,CD,CC > FR / TOX / DMG / SC,Z / PFS > REC,,,,
,,,,,,,,
[Azothane],AS,RNG,CD > ELEC(infl),SLIDE / FIN / EFF* / SL(infl),* -EFF not ideal for Heavy Attack spam,,,
,,,,,,,,
,CC,CD,DMG / AS,,,,,
,,,,,,,,
[Balla],AS,RNG,CD > ELEC(infl),PUNC > IMP > SLIDE / EFF / FIN,* -EFF not ideal for Heavy Attack spam,,,
,,,,,,,,
,CC,CD,DMG / AS / ELEC(infl),,[Exodia Contagion] rolls  |  -IMP/PUNC/SL equally bad for it,,,
,,,,,,,,
,CD,DMG,COLD / HEAT,SLIDE / EFF / FIN / RNG / SC / DTI / DTG,Profit Taker rolls that sell well,,,
,,,,,,,,
[Ballistica],MS,CD,CC > FR / TOX / DMG / SC,PUNC > Z > REC / AMMO(inc) / MAG(inc),,,,
,,,,,,,,
[Basmu],MS,CD,CC > TOX  / FR / DMG / SC,Z / AMMO* > REC,* Infinite Ammo Battery,,,
,,,,,,,,
[Batoten],CC,DMG,CD,IMP > PUNC > SLIDE / FIN / EFF,,,,
,,,,,,,,
,AS,RNG,CD,,,,,
,,,,,,,,
[Battacor],MS,CD,CC > TOX / FR / DMG / SC,PUNC > IMP(0%) / Z / SL(0%) > REC,,,,
,,,,,,,,
[Baza],MS,CD,CC > TOX / FR / DMG / SC,IMP > Z / PUNC > REC,,,,
,,,,,,,,
[Bo],AS,RNG / CD,CD > ELEC(infl),IMP >> SLIDE / FIN / EFF,,,,
,,,,,,,,
,CC,CD,DMG / AS,,,,,
,,,,,,,,
[Boar],MS,HEAT(inc),SC / FR / DMG,IMP > REC > SL(inc) / AMMO(inc),,,,
,,,,,,,,
,MS,CD,CC > FR / TOX / DMG / SC,,,,,
,,,,,,,,
,MS,FR,NONE / CD / DMG,AMMO / RLS > IMP > REC,Cyte rolls,,,
,,,,,,,,
[Bolto],MS,CD,CC > FR / TOX / DMG / SC,PUNC > Z > REC,,,,
,,,,,,,,
[Boltace],AS,RNG,CD > ELEC(infl),PUNC > FIN / EFF / SLIDE,,,,
,,,,,,,,
,CC,CD,DMG / AS,,,,,
,,,,,,,,
[Boltor],MS,CD,CC > TOX / FR / DMG / SC,PUNC > Z > REC,,,,
,,,,,,,,
[Brakk],MS,CD,CC > FR / TOX / DMG / SC,IMP > Z > PUNC > REC,scipha,,,
,,,,,,,,
[Braton],MS,CD,CC > TOX > FR / DMG / SC,IMP(Vandal) / PUNC(Prime) > Z > REC,,,,
,,,,,,,,
,CC,CD,TOX / DMG / FR,,,,,
,,,,,,,,
[Broken Scepter],AS,RNG,CD > ELEC(infl),IMP > SLIDE / FIN / EFF,,,,
,,,,,,,,
,CC,CD,DMG / AS,,,,,
,,,,,,,,
[Broken War],AS,RNG,CD > ELEC(infl),SLIDE / FIN / EFF / SL(infl),,,,
,,,,,,,,
,CC,CD,DMG,,,,,
,,,,,,,,
[Bronco],MS,CD,CC > FR* / TOX / DMG / SC,IMP* > Z >REC > AMMO,* -IMP and +FR are both bad for [Hemorrhage] Builds,,,
,,,,,,,,
[Bubonico],MS,CD / FR,CC / FR / TOX / ELEC / DMG / SC,IMP / PUNC > AMMO* > REC > SL,* Infinite Ammo Battery,,,
,,,,,,,,
,MS,SC,DMG,,,,,
,,,,,,,,
[Burst Laser],MS,CD,CC,PUNC,,,,
,,,,,,,,
[Burston],CC,CD,TOX / DMG / FR,IMP > PUNC / Z > REC / AMMO(inc) / MAG(inc) > SL(inc),,,,
,,,,,,,,
,MS,CD,CC > TOX > FR / DMG / SC,,,,,
,,,,,,,,
[Buzlok],MS,CC > CD,CC > TOX / FR / DMG / SC,IMP > Z > PUNC > REC,,,,
,,,,,,,,
[Cadus],AS,RNG,CD > ELEC(infl),SLIDE / FIN / EFF,,,,
,,,,,,,,
,CC,CD,DMG,,,,,
,,,,,,,,
[Cantare],MS,CD,CC > FR / TOX / DMG / SC,Z > REC > AMMO*,* Infinite Ammo (projectiles return to magazine gimmick),,,
,,,,,,,,
[Cassowar],AS,RNG,CD / ELEC(infl),PUNC > SLIDE / FIN / EFF / SL(infl),,,,
,,,,,,,,
,CC,CD,DMG,,,,,
,,,,,,,,
[Castanas],CC,CD,DMG / TOX / FR,IMP > Z > REC,,,,
,,,,,,,,
,MS,CD,CC > FR / TOX / DMG / SC,,,,,
,,,,,,,,
[Catabolyst],MS,CD,CC > FR / TOX / DMG / SC,Z > REC,,,,
,,,,,,,,
,CD,DMG,CC > FR > TOX,Z > MAG* / PFS* / REC / RLS     ,* -MAG and -PFS only harmless for grenade rolls and have less value,, -RLS secret synth tech,
,,,,,,,,
[Catchmoon],MS,CD,CC > FR / TOX / DMG / SC,IMP > Z / PUNC(0%) / SL(0%) > REC > AMMO*,* Infinite Ammo Battery with [Pax Charge],,,
,,,,,,,,
[Caustacyst],AS,RNG,CD > ELEC(infl),SLIDE / FIN / EFF*,* -EFF not ideal for Heavy Attack spam,,,
,,,,,,,,
,CC,CD,DMG / AS,,,,,
,,,,,,,,
[Cedo],MS,TOX,FR / PT / DMG,PUNC > REC / AMMO*,* -AMMO is the best negative for use but doesnt sell as well,,,
,,,,,,,,
,MS,CD,FR / CC > TOX  / DMG / SC,,,,,
,,,,,,,,
[Ceramic Dagger],CC,IC*,NONE** / DMG / CD / AS,PUNC > SLIDE > EFF / FIN,* 34 IC breakpoint for constant 11x combo,,,
,,,,,,,,
,,,,,** CC IC 2+1- for [Secondary Outburst],,,
,,,,,,,,
,AS,RNG,CD > ELEC(infl),,-PUNC -EFF not ideal for Heavy spam rolls,,,
,,,,,,,,
,,,,,-FIN harmful for [Melee Crescendo],,,
,,,,,,,,
[Cerata],CC,DMG,CD / IC,SLIDE > FIN / EFF*,* -EFF not ideal for Heavy Attack spam,,,
,,,,,,,,
[Cernos],MS,CD,CC > TOX / FR* / DMG / SC,IMP* / Z / MAG > REC,* -IMP not usable for [Internal Bleeding],,,
,,,,,,,,
,,,,,and +74.9% maximum FR breakpoint for it,,,
,,,,,,,,
[Cestra],MS,CD,CC > FR / TOX / DMG / SC,PUNC > Z > REC,,,,
,,,,,,,,
[Cinta],MS,CD,CC > TOX / FR / DMG / SC,PUNC > Z / MAG > REC,,,,
,,,,,,,,
,CC,CD,DMG / FR,,[Primary Acuity] rolls,,,
,,,,,,,,
[Cobra & Crane],AS,RNG,CD > ELEC(infl),IMP > SLIDE / FIN / EFF,,,,
,,,,,,,,
,CC,CD,DMG / AS,,,,,
,,,,,,,,
[Coda Bassocyst],MS,CD,CC > FR / TOX / DMG / ELEC,REC,,,,
,,,,,,,,
,MS,FR,DMG / ELEC / SC,,,,,
,,,,,,,,
[Coda Motovore],AS,RNG,CD > ELEC(infl),IMP* / PUNC* / SL / FIN / EFF** / SLIDE,* -IMP and -PUNC are harmful to the Heavy Slam damage,,,
,,,,,,,,
,CC,CD,DMG / AS,,** -EFF not ideal for Heavy Attack spam,,,
,,,,,,,,
[Convectrix],MS,FR / CD,SC / ELEC / HEAT,SL,,,,
,,,,,,,,
,MS,CD,CC / FR > DMG,REC / SL,,,,
,,,,,,,,
[Corinth],MS,CD,CC > FR / TOX / DMG / SC,IMP / PUNC > REC,,,,
,,,,,,,,
[Cortege],MS,CD,CC > TOX / FR / DMG / SC,Z > REC,,,,
,,,,,,,,
[Corufell],CC,CD,DMG / AS,IMP > PUNC > SLIDE > FIN / EFF*,* -EFF not ideal for Heavy Attack spam,,,
,,,,,,,,
,AS,RNG,CD > ELEC(infl),,,,,
,,,,,,,,
[Corvas],MS,CD,CC > TOX / FR / DMG / SC,IMP > Z > REC,,,,
,,,,,,,,
,CD,DTC,ELEC / COLD > DTC,Z > SC / SD > AMMO > REC,Profit Taker rolls,,,
,,,,,,,,
[Cronus],AS,RNG,CD > ELEC(infl),IMP > SLIDE / FIN / EFF / SL(infl),,,,
,,,,,,,,
,CC,CD,DMG,,,,,
,,,,,,,,
[Cryotra],MS,FR,SC / PT,IMP > DTI > DTC,,,,
,,,,,,,,
,MS,CD,CC,IMP,,,,
,,,,,,,,
[Cyanex],MS,DMG,FR / TOX / SC,IMP > Z > REC,* CC roll bad for use but sells well,,,
,,,,,,,,
,MS,CD,CC* / FR / TOX / DMG / SC,,,,,
,,,,,,,,
[Cyath],AS,RNG,CD > ELEC(infl),IMP > PUNC > SLIDE / FIN / EFF* / SL(infl),* -EFF not ideal for Heavy Attack spam,,,
,,,,,,,,
,CC,CD,DMG / AS / ELEC(infl),,[Exodia Contagion] rolls  |  -IMP/PUNC/SL equally bad for it,,,
,,,,,,,,
[Cycron],MS,CD,CC* > FR / TOX / DMG / SC,PUNC(0% Tenet) > IMP(0%) / Z / AMMO** > REC / SL(0% Tenet),Negatives order accounts for base Cycron (reflects in general sale value).,,,
,,,,,Tenet has no physical damage types. Base has no Impact.,,,
,,,,,* CC roll not ideal for use because of low riven disposition but sells well,,,
,,,,,** Infinite Ammo Battery,,,
,MS,FR,SC,,also a good roll for [Secondary Enervate],,,
,,,,,,,,
[Cyngas],MS,CD,CC > TOX / FR / DMG / SC,IMP > PUNC > Z > REC,,,,
,,,,,,,,
[Daikyu],MS,CD,CC > DMG / FR / TOX / SC,IMP / PUNC > Z / MAG > REC,,,,
,,,,,,,,
,CC,CD,DMG / FR / TOX,,[Primary Acuity] rolls,,,
,,,,,,,,
[Dakra Prime],AS,RNG,CD > ELEC(infl),SLIDE / FIN / EFF / SL(infl),,,,
,,,,,,,,
,CC,CD,DMG / AS,,,,,
,,,,,,,,
[Dark Dagger],AS,RNG,CD / ELEC(infl),SLIDE / EFF / FIN,,,,
,,,,,,,,
,CC,CD,DMG,,,,,
,,,,,,,,
[Dark Split-Sword],AS,RNG,CD > ELEC(infl),PUNC > IMP(0%) > SLIDE / FIN / EFF / SL(infl),,,,
,,,,,,,,
,CC,CD,DMG / AS,,,,,
,,,,,,,,
[Dark Sword],CC,CD / DMG,DMG / TOX / CD / IC,SLIDE / FIN / EFF*,* -EFF not ideal for Heavy Attack spam,,,
,,,,,,,,
,AS,RNG,CD / ELEC(infl),,,,,
,,,,,,,,
[Deconstructor],AS,RNG,CD,IMP > SLIDE / FIN / EFF,,,,
,,,,,,,,
[Dehtat],AS,RNG,CD > ELEC(infl),PUNC > IMP > SLIDE / FIN / EFF* / SL(infl),* -EFF not ideal for Heavy Attack spam,,,
,,,,,,,,
,CC,CD,DMG / AS / ELEC(infl),,[Exodia Contagion] rolls  |  -IMP/PUNC/SL equally bad for it,,,
,,,,,,,,
[Dera],MS,CD,CC / SC > TOX / FR / DMG,PUNC > Z > REC > AMMO(inc) > MAG(inc),,,,
,,,,,,,,
[Despair],MS,CD,CC > FR / TOX / DMG / SC,PUNC > Z > REC > AMMO(inc) > MAG(inc),,,,
,,,,,,,,
[Destreza],AS,RNG,CD > ELEC(infl),PUNC* > SLIDE / FIN / EFF**,* -PUNC can be harmful for incarnon evos if it removes all puncture,,,
,,,,,and has a maximum breakpoint of -97.6 (only possible with prime dispo),,,
,CC,CD,DMG / AS,,** -EFF not ideal for Heavy Attack spam,,,
,,,,,,,,
[Detron],MS,CD,CC > FR / TOX / DMG / SC,Z > REC,,,,
,,,,,,,,
,MS,PT,SC / FR / CD / DMG,,,,,
,,,,,,,,
[Dex Dakra],AS,RNG,CD > ELEC(infl),SLIDE / FIN / EFF / SL(infl),,,,
,,,,,,,,
,CC,CD,DMG / AS,,,,,
,,,,,,,,
[Deth Machine Rifle],MS,FR,SC / PT,DTI > DTC > SL,,,,
,,,,,,,,
[Dokrahm],AS,RNG,CD > ELEC(infl),PUNC > IMP > SLIDE / FIN / EFF* / SL(infl),* -EFF not ideal for Heavy Attack spam,,,
,,,,,,,,
,CC,CD,DMG / AS / ELEC(infl),,[Exodia Contagion] rolls  |  -IMP/PUNC/SL equally bad for it,,,
,,,,,,,,
[Dorrclave],AS,RNG,CD > ELEC(infl),SLIDE / FIN / EFF / SL(infl),,,,
,,,,,,,,
,CC,CD,DMG / AS,,,,,
,,,,,,,,
[Drakgoon],MS,CD,CC > FR / TOX / DMG / SC,REC > SL > AMMO,,,,
,,,,,,,,
[Dragon Nikana],AS,RNG,CD > ELEC(infl),SLIDE / FIN / EFF / SL(infl),,,,
,,,,,,,,
,CC,CD,DMG / AS,,,,,
,,,,,,,,
[Dread],MS,CD,CC > TOX / FR / DMG / SC,Z / MAG > REC / AMMO(inc) / SL(inc),,,,
,,,,,,,,
,CC,CD,DMG / FR / TOX,,[Primary Acuity] rolls,,,
,,,,,,,,
[Dual Cestra],MS,CD,CC > FR / TOX / DMG / SC,PUNC > Z > REC,,,,
,,,,,,,,
[Dual Cleavers],AS,RNG,CD > ELEC(infl),SLIDE / FIN / EFF / SL(infl),,,,
,,,,,,,,
,CC,CD,DMG / AS,,,,,
,,,,,,,,
[Dual Coda Torxica],MS,FR / TOX / CD,CC > PT > FR / TOX / DMG / SC,PUNC > Z / PFS* > REC,* Vintage negative,,,
,,,,,,,,
[Dual Decurion],MS,CD,CC > TOX / FR / DMG / SC,IMP > Z > PUNC > REC,,,,
,,,,,,,,
,CC,DTC,AMMO / REC,Z > SC / SD,Profit Taker rolls,,,
,,,,,,,,
[Dual Ether],AS,RNG,CD > ELEC(infl),SLIDE / FIN / EFF / SL(infl),,,,
,,,,,,,,
,CC,CD,DMG / AS,,,,,
,,,,,,,,
[Dual Heat Swords],AS,RNG,CD > ELEC(infl),SLIDE / FIN / EFF / SL(infl),,,,
,,,,,,,,
,CC,CD,DMG,,,,,
,,,,,,,,
[Dual Ichor],AS,CD > RNG,RNG > ELEC(infl),EFF / FIN / SLIDE,* 3 positives no negative unranked viral / gas roll is good for use,,,
,,,,,,,,
,TOX,ANY,HEAT / COLD*,NONE,,,,
,,,,,,,,
[Dual Kamas],AS,RNG,CD > ELEC(infl),SLIDE / FIN / EFF / SL(infl),,,,
,,,,,,,,
,CC,CD,DMG / AS,,,,,
,,,,,,,,
[Dual Keres],AS,RNG,CD > ELEC(infl),PUNC > SLIDE / FIN / EFF / SL(infl),,,,
,,,,,,,,
,CC,CD,DMG / AS,,,,,
,,,,,,,,
[Dual Raza],AS,RNG,CD > ELEC(infl),SLIDE / FIN / EFF / SL(infl),,,,
,,,,,,,,
,CC,CD,DMG / AS,,,,,
,,,,,,,,
[Dual Skana],AS,RNG,CD > ELEC(infl),SLIDE / FIN / EFF / SL(infl),,,,
,,,,,,,,
,CC,CD,DMG ,,,,,
,,,,,,,,
[Dual Toxocyst],MS,CD,PT / CC > FR / DMG / SC,Z / PFS* / PUNC > REC > AMMO(inc) / MAG(inc),* Vintage negative,,,
,,,,,,,,
[Dual Viciss],AS,RNG,CD > ELEC(infl),SLIDE / FIN / EFF,,,,
,,,,,,,,
,CC,CD,DMG / AS,,,,,
,,,,,,,,
[Dual Zoren],AS,RNG,CD > ELEC(infl),FIN / EFF / SLIDE / SL(infl),,,,
,,,,,,,,
,CC,CD,DMG / AS,,,,,
,,,,,,,,
[Edun],AS,RNG,CD > ELEC(infl),PUNC > SLIDE / FIN / EFF / SL(infl),,,,
,,,,,,,,
,CC,CD,DMG / AS,,,,,
,,,,,,,,
[EFV-5 Jupiter],MS,CD,CC > TOX / FR / DMG / SC,PUNC > IMP(0%) / Z > REC,,,,
,,,,,,,,
[EFV-8 Mars],MS,CD,CC > FR / TOX / DMG / SC,IMP > PUNC > Z / SL(0%) > REC,,,,
,,,,,,,,
[Ekhein],CC,CD,DMG / AS,IMP > SLIDE > FIN / EFF*,* -EFF not ideal for Heavy Attack spam,,,
,,,,,,,,
,AS,RNG,CD > ELEC(infl),,,,,
,,,,,,,,
[Embolist],MS,DMG / FR,FR / SC / TOX,Z > REC,* CC roll bad for use but sells,,,
,,,,,,,,
,MS,CD,CC* / FR / TOX / DMG / SC,,,,,
,,,,,,,,
[Endura],AS,RNG,CD > ELEC(infl),PUNC > SLIDE / FIN / EFF / SL(infl),,,,
,,,,,,,,
,CC,CD,DMG,,,,,
,,,,,,,,
[Enkaus],MS,CD,CC > TOX / FR / DMG / SC,PUNC > Z > REC,,,,
,,,,,,,,
[Epitaph],TOX,COLD,MS > FR / SC > ANY > NONE,IMP > Z / MAG* > REC > AMMO / DTI / RLS*** / PFS > ANY,Status priming rolls  |  disposition too low to completely remove impact,,,
,,,,,-IMP makes weighting well balanced for primer / hybrid primer builds,,,
,MS,SC,FR > SD,,*** Unnoticeable increase to reload delay for charged shot,,,
,,,,,which isn't used to prime but is used for hybrid primer builds,,,
,MS,CD,CC** > FR / TOX / DMG / SC,IMP > Z / PUNC / MAG* > REC,** CC roll not ideal for use but sells,,,
,,,,,(low riven disposition and only helps charged shot),,,
,,,,,* single shot magazine -MAG harmless,,,
[Ether Daggers],AS,RNG,CD > ELEC(infl),SLIDE / FIN / EFF / SL(infl),,,,
,,,,,,,,
,CC,CD,DMG,,,,,
,,,,,,,,
[Ether Reaper],AS,RNG,CD > ELEC(infl),SLIDE / FIN / EFF / SL(infl),,,,
,,,,,,,,
,CC,CD,DMG,,,,,
,,,,,,,,
[Ether Sword],AS,RNG,CD > ELEC(infl),SLIDE / FIN / EFF / SL(infl),,,,
,,,,,,,,
,CC,CD,DMG,,,,,
,,,,,,,,
[Euphona Prime],MS,CD,CC > FR / TOX / DMG / SC,IMP > Z > REC,rivens won't save this,,,
,,,,,,,,
,MS,DMG,FR / SC / TOX,,Alt-fire rolls,,,
,,,,,,,,
[Evensong],MS,CD / CC,CC > TOX / FR / DMG / SC,Z / MAG > REC,,,,
,,,,,,,,
[Exergis],MS,DMG / FR,SC > SL / MAG / PT / TOX,PUNC > IMP >> REC > MAG**,* CC roll bad for use but sells well,,,
,,,,,,,,
,MS,CD,CC* > FR / DMG / SC / TOX,,** [Shotgun Elementalist] won't get 2 shots with -MAG,,,
,,,,,but may sell well for ideal rolls MS SC DMG/FR,,,
[Falcor],CC,ELEC(infl),DMG > CD > NONE,IMP > PUNC / SLIDE > FIN / EFF* / SL(infl),* -EFF not ideal for Heavy Attack spam,,,
,,,,,,,,
,CC,CD,DMG > IC,,,,,
,,,,,,,,
[Fang],AS,RNG,CD > ELEC(infl),PUNC > SLIDE / FIN / EFF,,,,
,,,,,,,,
,CC,CD,DMG / AS,,,,,
,,,,,,,,
[Felarx],MS,TOX,DMG / FR / PT,CC* > PUNC,* -CC for Devastating Attrition incarnon perk,,,
,,,,,,,,
,MS,CD,CC > FR / TOX / DMG / SC,PUNC,Good positives are more important than just -CC for slotting,,,
,,,,,,,,
[Ferrox],MS,CD,CC > TOX / FR / DMG / SC,PUNC > Z > REC,DMG FR TOX for throw,,,
,,,,,,,,
,DMG,FR,TOX ,,,,,
,,,,,,,,
[Fluctus],MS,CD,CC > TOX / FR / DMG / SC,Z > REC,,,,
,,,,,,,,
[Flux Rifle],MS,CD,CC > TOX / FR / DMG / SC,Z > REC > SL / AMMO*,* -AMMO specifically for base Flux Rifle (Infinite Ammo Battery),,,
,,,,,,,,
[Fragor],AS,RNG,CD > ELEC(infl),IMP > SLIDE / FIN / EFF*,* -EFF not ideal for Heavy Attack spam,,,
,,,,,,,,
,CC,CD,DMG / AS,,,,,
,,,,,,,,
[Fulmin],MS,CD,CC > TOX / DMG / FR* / SC,IMP* > Z / AMMO** > REC,* +FR and -IMP bad for [Internal Bleeding],,,
,,,,,,,,
,MS,TOX,DMG / FR ,,** Infinite Ammo Battery,,,
,,,,,,,,
[Furax],AS,RNG,CD > ELEC(infl),IMP > SLIDE / FIN* / EFF**,* -FIN harmful for [Melee Crescendo],,,
,,,,,,,,
,CC,CD,DMG / AS / IC,,** -EFF not ideal for Heavy Attack spam,,,
,,,,,,,,
[Furis],MS,CD,CC > FR / TOX / DMG / SC / PT,PUNC > Z > REC > PFS*,* Vintage negative | harmful for incarnon | harmless for incarnoff,,,
,,,,,,,,
,MS,DMG > FR,SC / FR / HEAT > PT,,,,,
,,,,,,,,
[Fusilai],MS,CC > CD,CC > FR / TOX / DMG / SC,PUNC > Z > REC,,,,
,,,,,,,,
[Galariak Prime],AS,RNG,CD > ELEC(infl),PUNC > IMP > SLIDE / FIN / EFF,,,,
,,,,,,,,
,CC,CD,DMG / AS,,,,,
,,,,,,,,
[Galatine],AS,RNG,CD > ELEC(infl),SLIDE / FIN / EFF / SL(infl),,,,
,,,,,,,,
,CC,CD,DMG / AS,,,,,
,,,,,,,,
[Galvacord],AS,RNG,CD > ELEC(infl),SLIDE / FIN / EFF,,,,
,,,,,,,,
,CC,CD,DMG / AS,,,,,
,,,,,,,,
[Gammacor],MS,CD,CC > FR / TOX / DMG / SC,Z > REC > AMMO(inc),,,,
,,,,,,,,
[Gazal Machete],AS,RNG,CD > ELEC(infl),SLIDE / FIN / EFF / SL(infl),,,,
,,,,,,,,
,CC,CD,DMG,,,,,
,,,,,,,,
[Gaze],MS,CD,CC > FR / TOX / DMG / SC,PUNC > IMP(0%) / Z / SL(0%) > REC > AMMO*,* Infinite Ammo Battery with [Pax Charge],,,
,,,,,,,,
[Ghoulsaw],AS,RNG,CD > ELEC(infl),SLIDE / FIN / EFF / SL(infl),,,,
,,,,,,,,
,CC,CD,DMG / AS,,,,,
,,,,,,,,
[Glaive],CC,DMG,NONE > CD > IC,SLIDE > FIN / EFF*,* -EFF not ideal for Heavy Attack spam,,,
,,,,,,,,
[Glaxion],TOX,COLD*,ANY,NONE,* 3 positives no negative unranked viral roll is ideal for use,,,
,,,,,,,,
,MS,CD,CC > TOX / FR / DMG / SC,Z > REC > AMMO,,,,
,,,,,,,,
[Gorgon],MS,CD,CC > TOX / FR / DMG / SC,IMP > Z > REC / AMMO(inc) / MAG(inc),,,,
,,,,,,,,
[Gotva Prime],MS,CD,CC > TOX / FR / DMG / SC,Z / PUNC* > REC,* -PUNC removes most of the base damage but sells well,,,
,,,,,,,,
[Grakata],MS,CD,CC > TOX / FR / DMG / SC,IMP > Z > PUNC > REC,,,,
,,,,,,,,
[Gram],AS,RNG,CD > ELEC(infl),SLIDE / FIN / EFF / SL(infl),,,,
,,,,,,,,
,CD,CC / AS,DMG / AS,,,,,
,,,,,,,,
[Grattler],MS,CD,CC > TOX / FR / DMG / SC,PUNC > Z > REC,,,,
,,,,,,,,
[Grimoire],MS,CD,CC / FR / TOX / DMG / SC,MAG* > REC,* Vintage and only harmless negative. Infinite Ammo,,,
,,,,,Can't roll -AMMO or -Z,,,
[Grinlok],MS,CD / CC,CC > TOX / FR / DMG / SC,IMP > Z > REC,,,,
,,,,,,,,
[Guandao],AS,RNG,CD > ELEC(infl),SLIDE / FIN / EFF / SL(infl),,,,
,,,,,,,,
,CC,CD,DMG / AS,,,,,
,,,,,,,,
[Gunsen],AS,RNG,CD > ELEC(infl),SLIDE / FIN / EFF / SL(infl),,,,
,,,,,,,,
,CC,CD,DMG / AS,,,,,
,,,,,,,,
[Haalvu],MS,CD,CC / TOX / FR / DMG,Z / AMMO / PFS > REC,,,,
,,,,,,,,
[Halikar],CC,DMG,ELEC(infl) / CD / IC ,PUNC > SLIDE > FIN / EFF*,* -EFF not ideal for Heavy Attack spam,,,
,,,,,,,,
[Harmony],CC,SD,DMG / IC / CD,PUNC > SLIDE / FIN / EFF*,* -EFF not ideal for Heavy Attack spam,,,
,,,,,,,,
,AS,RNG,CD > ELEC(infl),,,,,
,,,,,,,,
[Harpak],MS,CD,CC > TOX / FR / DMG / SC,PUNC > Z > REC,,,,
,,,,,,,,
[Hate],AS,RNG,CD > ELEC(infl),SLIDE / FIN / EFF* / SL(infl),* -EFF not ideal for Heavy Attack spam,,,
,,,,,,,,
,CC,CD,DMG / AS,,,,,
,,,,,,,,
[Heat Dagger],AS,RNG,CD > ELEC(infl),PUNC > IMP > SLIDE / EFF / SL(infl) / FIN,,,,
,,,,,,,,
,CC,CD,DMG / AS,,,,,
,,,,,,,,
[Heat Sword],AS,RNG,CD > ELEC(infl),SLIDE / FIN / EFF / SL(infl),,,,
,,,,,,,,
,CC,CD,DMG / AS,,,,,
,,,,,,,,
[Hek],MS,CD,FR / CC > TOX / DMG / SC,PUNC > REC > AMMO,,,,
,,,,,,,,
[Heliocor],AS,RNG,CD > ELEC(infl),IMP > SLIDE > FIN / EFF*,* -EFF not ideal for Heavy Attack spam,,,
,,,,,,,,
,CC,CD,DMG / AS,,,,,
,,,,,,,,
[Helstrum],MS,SC,PFS / FR,IMP > DTI > DTC / CC / CD / DTG,Primer,,,
,,,,,,,,
,MS,CD,CC,IMP,,,,
,,,,,,,,
[Hema],MS,CD,CC > TOX / FR / DMG / SC,Z > REC / AMMO,,,,
,,,,,,,,
[Hespar],CC,CD,DMG / AS,IMP > SLIDE / FIN / EFF*,* -EFF not ideal for Heavy Attack spam,,,
,,,,,,,,
,AS,RNG,CD > ELEC(infl),,,,,
,,,,,,,,
[Higasa],MS,CD,CC > TOX / FR / DMG / SC,PUNC > Z > REC,,,,
,,,,,,,,
[Hikou],MS,DMG / FR,FR / SC / TOX,PUNC > Z > REC,* CC roll bad for use but sells,,,
,,,,,,,,
,MS,CD,CC* / FR / TOX / DMG / SC,,,,,
,,,,,,,,
[Hind],MS,CD,CC > TOX / FR / DMG / SC,Z > REC,,,,
,,,,,,,,
[Hirudo],AS,RNG,CD > ELEC(infl),PUNC > SLIDE / FIN / EFF,,,,
,,,,,,,,
,CC,CD,DMG / AS,,,,,
,,,,,,,,
[Hystrix],MS,CD,CC > FR / TOX / DMG / SC,PUNC > Z > REC,,,,
,,,,,,,,
[Ignis],TOX,COLD,CD / MS / FR,Z > REC,Tox Cold rolls save slots and are arguably more useful than ,,,
,,,,,,,,
,MS,CD,CC > TOX / FR / DMG / SC,,generic good rolls with its very low riven disposition,,,
,,,,,,,,
[Imperator],MS,CD,CC > TOX / FR / DMG / SC,IMP > Z > PUNC > Z > REC,,,,
,,,,,,,,
[Innodem],AS,RNG,CD > ELEC(infl),PUNC > SLIDE / EFF / SL(infl) / FIN,,,,
,,,,,,,,
,CC,CD,DMG / AS,,,,,
,,,,,,,,
[Jat Kittag],CC,CD,DMG / TOX* / AS,IMP > SLIDE / FIN / EFF**,* TOX roll for Saryn with [Vulcan Blitz],,,
,,,,,,,,
,AS,RNG,CD > ELEC(infl),,** -EFF not ideal for Heavy Attack spam,,,
,,,,,,,,
[Jat Kusar],AS,RNG,CD > ELEC(infl),SLIDE / FIN / EFF,,,,
,,,,,,,,
,CC,CD,DMG / AS,,,,,
,,,,,,,,
[Javlok],MS,CD,CC > TOX / FR / DMG / SC,Z > REC,,,,
,,,,,,,,
,DMG,CD,CC / TOX,Z > REC > MS,Multishot doesn't affect throw in any way,,,
,,,,,,,,
[Jaw Sword],AS,RNG,CD > ELEC(infl),SLIDE / FIN / EFF / SL(infl),,,,
,,,,,,,,
,CC,CD,DMG,,,,,
,,,,,,,,
[Kama],AS,RNG,CD > ELEC(infl),SLIDE / FIN / EFF / SL(infl),,,,
,,,,,,,,
,CC,CD,DMG / AS,,,,,
,,,,,,,,
[Karak],MS,CD,CC > TOX / FR / DMG / SC,IMP > PUNC / Z > REC,,,,
,,,,,,,,
[Karyst],AS,RNG,CD > ELEC(infl),SLIDE / EFF / FIN,,,,
,,,,,,,,
,CC,CD,DMG / AS,,,,,
,,,,,,,,
[Keratinos],AS,RNG,CD > ELEC(infl),IMP* > PUNC > SLIDE / FIN / EFF / SL(infl),* Minimum impact removal breakpoint -95.2%,,,
,,,,,,,,
,CC,CD,DMG / AS,,,,,
,,,,,,,,
[Kesheg],AS,RNG,CD > ELEC(infl),IMP > SLIDE / FIN / EFF / SL(infl),,,,
,,,,,,,,
,CC,CD,DMG / AS,,,,,
,,,,,,,,
[Kestrel],CC,DMG,CD / ELEC(infl) / NONE / IC,IMP > SLIDE / FIN / EFF*,* -EFF not ideal for Heavy Attack spam,,,
,,,,,,,,
[Knell],MS,CD,CC > FR / TOX / DMG / SC,Z / MAG / IMP > PUNC > REC,* single shot magazine -MAG harmless,,,
,,,,,,,,
[Kogake],AS,RNG,CD > ELEC(infl),IMP >  SLIDE / FIN / EFF,,,,
,,,,,,,,
,CC,CD,DMG / AS,,,,,
,,,,,,,,
[Kohm],MS,CD,FR / CC > DMG / TOX / SC,SL > REC,,,,
,,,,,,,,
[Kohmak],MS,CD,CC* > TOX / FR / DMG / SC,Z > SL > REC,* CC roll bad for use but sells,,,
,,,,,,,,
[Komorex],MS,CC / CD,CD > TOX / FR / DMG / SC,Z / PUNC > REC > SL,,,,
,,,,,,,,
[Kompressa],MS,CD,CC* / TOX / FR / DMG / SC / RLS,Z > REC,* CC roll bad for use but sells,,,
,,,,,,,,
,MS,FR,SC / DMG / PFS / MAG / RLS,,,,,
,,,,,,,,
[Korrudo],AS,RNG,CD > ELEC(infl),IMP > SLIDE / FIN / EFF / SL(infl),,,,
,,,,,,,,
,CC,CD,DMG / AS,,,,,
,,,,,,,,
[Korumm],AS,RNG,CD > ELEC(infl),PUNC > SLIDE / FIN / EFF / SL(infl),,,,
,,,,,,,,
,CC,CD,DMG / AS,,,,,
,,,,,,,,
[Kraken],MS,CD,CC > TOX / FR / DMG / SC,IMP > Z / PFS* > REC,* Vintage negative,,,
,,,,,,,,
[Kreska],AS,RNG,CD > ELEC(infl),IMP > PUNC > SLIDE / FIN / EFF / SL(infl),,,,
,,,,,,,,
,CC,CD,DMG,,,,,
,,,,,,,,
[Krohkur],AS,RNG,CD > ELEC(infl),SLIDE / FIN / EFF / SL(infl),,,,
,,,,,,,,
,CC,CD,DMG,,,,,
,,,,,,,,
[Kronen],AS,RNG,CD > ELEC(infl),SLIDE / FIN / EFF / SL(infl),,,,
,,,,,,,,
,CC,CD,DMG / AS,,,,,
,,,,,,,,
[Kronsh],AS,RNG,CD > ELEC(infl),IMP > PUNC(0%) > SLIDE / FIN / EFF*,* -EFF not ideal for Heavy Attack spam,,,
,,,,,,,,
,CC,CD,DMG / AS / ELEC(infl),,[Exodia Contagion] rolls  |  -IMP/PUNC/SL equally bad for it,,,
,,,,,regardless of it having no base puncture,,,
[Kulstar],MS,CD,CC > FR / TOX / DMG / SC,IMP > Z > REC,,,,
,,,,,,,,
[Kunai],MS,CD,CC > FR / TOX / DMG / SC,PUNC > Z > REC > AMMO(inc),,,,
,,,,,,,,
,CD,DMG,CC / TOX / FR,,[Primary Acuity] rolls,,,
,,,,,,,,
[Kuva Ayanga],MS,CD,CC > FR / TOX / DMG / SC,IMP > Z > REC,,,,
,,,,,,,,
[Kuva Bramma],MS,CD,CC / FR > TOX / DMG / SC,IMP > Z / MAG > REC,,,,
,,,,,,,,
[Kuva Chakkhurr],MS,CD,CC / FR > TOX / DMG / SC,IMP > Z > REC,Usable for [Internal Bleeding]  |  Has forced impact proc,,,
,,,,,,,,
,CC,CD,DMG / FR / TOX,,[Primary Acuity] rolls,,,
,,,,,,,,
[Kuva Shildeg],AS,RNG,CD > ELEC(infl),PUNC > IMP > SLIDE / FIN / EFF*,* -EFF not ideal for Heavy Attack spam,,,
,,,,,,,,
,CC,CD,DMG / AS,,,,,
,,,,,,,,
[Kuva Twin Stubbas],MS,CD,CC > TOX / FR / DMG / SC,IMP > Z / PFS* > REC,* Vintage negative,,,
,,,,,,,,
[Lacera],AS,RNG,CD > ELEC(infl),SLIDE / FIN / EFF,,,,
,,,,,,,,
,CC,CD,DMG / AS,,,,,
,,,,,,,,
[Lacerten],CC,CD,DMG,IMP > SLIDE / FIN / EFF,,,,
,,,,,,,,
,AS,RNG,CD,,,,,
,,,,,,,,
[Laetum],MS,TOX,DMG / FR,CC(Inc)* > IMP > Z,* -CC for Devastating Attrition incarnon perk,,,
,,,,,,,,
,MS,CD,CC > FR / TOX / DMG / SC,IMP > Z > REC,Good positives are more important than just -CC for slotting,,,
,,,,,,,,
[Lanka],MS,CD / CC,CC > TOX / FR / DMG / SC,Z > REC / PFS*,* Mag Bubble,,,
,,,,,,,,
,MS,CC,ELEC*,,,,,
,,,,,,,,
[Larkspur],MS,FR,PT / SC / HEAT / ELEC,IMP > Z / PUNC(0%) / SL(0%) > REC,* CC roll bad for use but sells,,,
,,,,,,,,
,MS,CD,CC* > FR / TOX / DMG / SC / ELEC / PT,,,,,
,,,,,,,,
[Laser Rifle],MS,CD,CC,PUNC,,,,
,,,,,,,,
[Lato],MS,CD,CC > PT / FR / TOX / DMG / SC,Z / PFS* > REC > AMMO(Inc) / MAG(Inc),* Vintage negative,,,
,,,,,,,,
[Latron],MS / CC / DMG / CD**,,,Z > REC / AMMO(Inc) / MAG(Inc) / PUNC*,** any 3p1n combination is ideal for use,,,
,,,,,,,,
,MS,CD,FR / TOX / SC,,* -PUNC harmful for incarnon perks,,,
,,,,,,,,
[Lecta],AS,RNG,CD > ELEC(infl),SLIDE / FIN / EFF,,,,
,,,,,,,,
,CC,CD,DMG / AS,,,,,
,,,,,,,,
[Lenz],MS,CD,CC / FR > TOX / DMG / SC,IMP > Z / MAG > REC,,,,
,,,,,,,,
[Lesion],AS,RNG,CD > ELEC(infl),SLIDE / FIN / EFF / SL(infl),,,,
,,,,,,,,
,CC,CD,DMG / AS,,,,,
,,,,,,,,
[Lex],MS,CD,CC / FR > TOX / DMG / SC,PUNC > Z / PFS* > REC,* Vintage negative | harmful for incarnon | harmless for incarnoff,,,
,,,,,,,,
[Machete],AS,RNG,CD > ELEC(infl),SLIDE / FIN / EFF / SL(infl),,,,
,,,,,,,,
,CC,CD,DMG / AS,,,,,
,,,,,,,,
[Magistar],CC,DMG,NONE / CD > IC,IMP / SLIDE > FIN / EFF*,* -EFF not ideal for Heavy Attack spam,,,
,,,,,,,,
,AS,RNG,CD > ELEC(infl),,,,,
,,,,,,,,
[Magnus],MS,CD,CC > FR / TOX / DMG / SC,IMP > Z / PFS* / PUNC > REC,* Vintage negative,,,
,,,,,,,,
[Mandonel],MS,CD,CC > TOX / FR / DMG / SC,Z > REC,,,,
,,,,,,,,
[Marelok],MS,CD,CC > FR / TOX / DMG / SC,IMP > Z / PFS* > REC,* Vintage negative,,,
,,,,,,,,
[Masseter],AS,RNG,CD > ELEC(infl),IMP > SLIDE / FIN / EFF > SL(infl),,,,
,,,,,,,,
,CC,CD,DMG / AS,,,,,
,,,,,,,,
[Mausolon],MS,CD,CC > TOX / FR / DMG / SC,PUNC > IMP > Z / SL(0%) > REC,,,,
,,,,,,,,
[Mewan],AS,RNG,CD > ELEC(infl),PUNC > IMP > SLIDE / FIN / EFF* / SL(infl),* -EFF not ideal for Heavy Attack spam,,,
,,,,,,,,
,CC,CD,DMG / AS / ELEC(infl),,[Exodia Contagion] rolls  |  -IMP/PUNC/SL equally bad for it,,,
,,,,,,,,
[Mios],AS,RNG,CD > ELEC(infl),IMP > PUNC > SLIDE / FIN / EFF / SL(infl),,,,
,,,,,,,,
,CC,CD,DMG,,,,,
,,,,,,,,
[Mire],CC,DMG / CD,DMG / TOX,IMP > PUNC > SLIDE > FIN / EFF* / SL(infl),* -EFF not ideal for Heavy Attack spam,,,
,,,,,,,,
,AS,RNG,CD > ELEC(infl),,,,,
,,,,,,,,
[Miter],MS,CD,CC > TOX / DMG / HEAT / SC / FR,Z > REC > AMMO(inc) / MAG(inc),,,,
,,,,,,,,
,CC,CD,DMG / HEAT(inc),,,,,
,,,,,,,,
[Morgha],MS,CD,CC > TOX / FR / DMG / SC,Z > REC,,,,
,,,,,,,,
[Multron],MS,FR,SC / PT,PUNC > DTI > DTC,,,,
,,,,,,,,
,MS,CD,CC,PUNC,,,,
,,,,,,,,
[Mutalist Cernos],CC,CD,DMG / ELEC,Z / MAG / IMP* > REC,* -IMP removes most of the base damage but sells well,,,
,,,,,,,,
,MS,CD,CC > TOX / FR / DMG / SC,,,,,
,,,,,,,,
[Mutalist Quanta],MS,DMG,SC / FR,PUNC > Z > REC,* CC dead for use but sells,,,
,,,,,,,,
,MS,CD,CC* > TOX / FR / DMG / SC,,,,,
,,,,,,,,
[Nagantaka],MS,CD,CC > SC / TOX / FR / DMG,Z >> REC,,,,
,,,,,,,,
[Nami Skyla],AS,RNG,CD > ELEC(infl),SLIDE / FIN / EFF / SL(infl),,,,
,,,,,,,,
,CC,CD,DMG / AS,,,,,
,,,,,,,,
[Nami Solo],AS,RNG / CD,ELEC(infl) > CD,SL(infl) > SLIDE / FIN / EFF,,,,
,,,,,,,,
,CC,CD,DMG / AS,,,,,
,,,,,,,,
[Nataruk],MS,CD,CC > TOX / FR / DMG,PUNC > Z / MAG / AMMO* > REC,* Infinite Ammo,,,
,,,,,,,,
[Nepheri],AS,RNG,CD > ELEC(infl),PUNC > IMP > SLIDE / FIN / EFF,,,,
,,,,,,,,
,CC,CD,DMG / AS,,,,,
,,,,,,,,
[Nikana],AS,RNG,CD > ELEC(infl),SLIDE / FIN / EFF / SL(infl),,,,
,,,,,,,,
,CC,CD,DMG / AS,,,,,
,,,,,,,,
[Ninkondi],AS,RNG,CD > ELEC(infl),FIN / EFF / SLIDE*,* [Atlantis Vulcan] Slide attack has 3x multi-hit,,,
,,,,,,,,
,CC,CD,DMG / AS,,,,,
,,,,,,,,
[Nukor],MS,CD,CC* / TOX > FR / DMG / SC / PT,Z > REC,* CC roll bad for use but sells well,,,
,,,,,,,,
,MS,FR / TOX / DMG,SC / DMG / TOX / PT,,,,,
,,,,,,,,
[Obex],AS,RNG,CD > ELEC(infl),IMP > SLIDE / EFF / FIN*,* -FIN not ideal for some incarnon evos,,,
,,,,,,,,
,CC,CD,DMG / AS,,,,,
,,,,,,,,
[Ocucor],MS,CD,TOX > CC* > FR / DMG > SC,IMP(0%) / Z / PFS / SL(0%) > REC / PUNC** > RLS,* CC roll bad for use but sells well,,,
,,,,,,,,
,MS,TOX,DMG / FR,,** -PUNC slightly harmful for DPS but sells well,,,
,,,,,,,,
[Ogris],MS,DMG,HEAT / SC / TOX,Z > REC,,,,
,,,,,,,,
,MS,MAG / PFS,PFS / REC / TOX,Z > CC / SD > CD,Arbitration rolls,,,
,,,,,,,,
,MS,DMG*,NONE,Z > RLS / SC / CC / DTG / DTC / DTI,* MS DMG is for Profit Taker,,,
,,,,,,,,
,,,,,DMG minimum 150% breakpoint on Kuva variant,,,
,,,,,,,,
,MS,CD,DMG > CC** / TOX / CC / FR,Z > REC,** CC dead for use but sells,,,
,,,,,,,,
[Ohma],AS,RNG,CD > ELEC(infl),SLIDE / EFF / FIN,,,,
,,,,,,,,
,CC,CD,DMG / AS,,,,,
,,,,,,,,
[Okina],AS,RNG,CD > ELEC(infl),PUNC > SLIDE / FIN / EFF / SL(infl),,,,
,,,,,,,,
,CC,CD,DMG / AS,,,,,
,,,,,,,,
[Onos],MS,CD,CC > FR / TOX / DMG / SC,PUNC > Z > REC,,,,
,,,,,,,,
[Ooltha],AS,RNG,CD > ELEC(infl),PUNC > IMP > SLIDE / FIN / EFF* / SL(infl),* -EFF not ideal for Heavy Attack spam,,,
,,,,,,,,
,CC,CD,DMG / AS / ELEC(infl),,[Exodia Contagion] rolls  |  -IMP/PUNC/SL equally bad for it,,,
,,,,,,,,
[Opticor],MS,CD,CC > TOX / FR / DMG / SC,Z > PUNC > REC,,,,
,,,,,,,,
[Orthos],AS,RNG,CD > ELEC(infl),SLIDE / FIN / EFF / SL(infl),,,,
,,,,,,,,
,CC,CD,DMG / AS,,,,,
,,,,,,,,
[Orvius],CC,DMG,CD / ELEC(infl) / NONE / IC,SLIDE > FIN / EFF* > SL(infl),* -EFF not ideal for Heavy Attack spam,,,
,,,,,,,,
[Pandero],MS,CD,CC > FR / TOX / DMG / SC,Z / PFS*,* Vintage negative,,,
,,,,,,,,
[Pangolin Sword],AS,RNG,CD > ELEC(infl),SLIDE / FIN / EFF / SL(infl),,,,
,,,,,,,,
,CC,CD,DMG / AS,,,,,
,,,,,,,,
[Panthera],MS,CD,CC > TOX / FR / DMG / SC,Z > REC,,,,
,,,,,,,,
[Paracesis],AS,RNG,CD > ELEC(infl),SLIDE / FIN / EFF / SL(infl),,,,
,,,,,,,,
,CC,CD,DMG / AS,,,,,
,,,,,,,,
[Paracyst],MS,SC / FR,DMG / FR,Z > REC,* CC roll bad for use but sells,,,
,,,,,,,,
,MS,CD,CC* > TOX / FR / DMG / SC,,,,,
,,,,,,,,
[Paris],MS,CD,CC > TOX / FR / DMG / SC,PUNC > Z / MAG > REC > AMMO(inc),,,,
,,,,,,,,
,CC,SC,NONE,ANY,dog stick roll that sells well,,,
,,,,,,,,
[Pathocyst],CC,DMG,ELEC(infl) / CD / IC / NONE,IMP > PUNC > SLIDE > FIN / EFF / SL(infl),,,,
,,,,,,,,
[Pennant],CC,CD,DMG / AS,PUNC > SLIDE > FIN / EFF*,Bonus Attack Speed on Heavy Attack kills,,,
,,,,,,,,
,AS,RNG,CD > ELEC(infl),,* -EFF not ideal for Heavy Attack spam,,,
,,,,,,,,
[Penta],CC,DMG,CD,IMP > Z > REC,,,,
,,,,,,,,
,MS,CD,CC > TOX / FR / DMG / SC,,,,,
,,,,,,,,
,ANY,NONE,MAG,ANY,2+1-   +MAG may sell for visual gimmick,,,
,,,,,giving it a VERY long magazine,,,
[Perigale],MS,CC > CD,CD > FR / TOX / DMG / SC ,PUNC / Z > REC,,,,
,,,,,,,,
[Phaedra],MS,CD,CC > TOX / FR / DMG / SC,PUNC > Z > REC,,,,
,,,,,,,,
[Phage],MS,CD,CC / FR > DMG / SC / PT / TOX,REC,FR TOX CD / DMG +REC is best but doesnt sell well,,,
,,,,,,,,
,MS,FR,ELEC / HEAT / DMG,,,,,
,,,,,,,,
[Phantasma],MS,FR / DMG,ELEC / HEAT / DMG / SC,IMP > PUNC(0%) / SL(0%) > REC,* CC roll bad for use but sells well,,,
,,,,,,,,
,MS,CD,CC*,,,,,
,,,,,,,,
[Phenmor],MS,TOX / FR,DMG / FR,CC*,* -CC for Devastating Attrition incarnon perk,,,
,,,,,,,,
,MS,CD,CC > TOX / FR / DMG / SC,Z > REC,Good positives are more important than just -CC for slotting,,,
,,,,,,,,
[Plague Keewar],AS,RNG,CD > ELEC(infl),IMP > PUNC > SLIDE / FIN / EFF* / SL(infl),* -EFF not ideal for Heavy Attack spam,,,
,,,,,,,,
,CC,CD,DMG / AS / ELEC(infl),,[Exodia Contagion] rolls  |  -IMP/PUNC/SL equally bad for it,,,
,,,,,,,,
[Plague Kripath],AS,RNG,CD > ELEC(infl),PUNC > IMP > SLIDE / FIN / EFF*,* -EFF not ideal for Heavy Attack spam,,,
,,,,,,,,
,CC,CD,DMG / AS / ELEC(infl),,[Exodia Contagion] rolls  |  -IMP/PUNC/SL equally bad for it,,,
,,,,,,,,
[Plasma Sword],AS,RNG,CD > ELEC(infl),SLIDE / FIN / EFF,,,,
,,,,,,,,
,CC,CD,DMG / AS,,,,,
,,,,,,,,
[Plinx],MS,CD,CC > FR / TOX / DMG / SC,IMP > Z / AMMO* > REC,* Infinite Ammo Battery,,,
,,,,,,,,
,CC,DMG,CD / MAG / FR / TOX,,,,,
,,,,,,,,
[Pox],MS,FR / DMG,SC / DMG / TOX,Z > REC,* CC roll bad for use but sells,,,
,,,,,,,,
,MS,CD,CC* / FR / TOX / DMG / SC,,,,,
,,,,,,,,
[Praedos],AS,RNG,CD > ELEC(infl),FIN / EFF / SLIDE / SL(infl),,,,
,,,,,,,,
,CC,CD,DMG / AS,,,,,
,,,,,,,,
[Pride],AS,RNG,CD > ELEC(infl),PUNC > SLIDE / FIN / EFF* / SL(infl),* -EFF not ideal for Heavy Attack spam,,,
,,,,,,,,
,CC,CD,DMG,,,,,
,,,,,,,,
[Proboscis Cernos],MS,FR / DMG > CD,ELEC / HEAT / DMG / SC,IMP > Z / MAG > REC,* CC dead for use but sells,,,
,,,,,,,,
,MS,CD,CC*,,,,,
,,,,,,,,
[Prova],AS,RNG,CD > ELEC(infl),SLIDE / FIN / EFF,,,,
,,,,,,,,
,CC,CD,DMG,,,,,
,,,,,,,,
[Pulmonars],AS,RNG,CD > ELEC(infl),SLIDE / FIN / EFF,,,,
,,,,,,,,
,CC,CD,DMG / AS,,,,,
,,,,,,,,
[Pupacyst],AS,RNG,CD > ELEC(infl),IMP > PUNC(0%) / SL(0%) > SLIDE / FIN / EFF,,,,
,,,,,,,,
,CC,CD,DMG / AS,,,,,
,,,,,,,,
[Purgator 1],MS,CD,CC > TOX / FR / DMG / SC,IMP / PUNC > Z > REC,,,,
,,,,,,,,
[Pyrana],MS,CD,CC > FR / TOX / DMG / SC,Z > REC,,,,
,,,,,,,,
[Quanta],MS,CD,CC > FR / ELEC* / DMG / PT / SC,Z / PFS > REC,,,,
,,,,,,,,
,MS,ELEC*,FR / DMG / PT,,* Raw electric rolls,,,
,,,,,,,,
[Quartakk],MS,CD,CC > TOX  / FR / DMG / SC,IMP > Z > PUNC > REC,,,,
,,,,,,,,
[Quassus],AS,RNG,CD > ELEC(infl),SLIDE > FIN / EFF*,* -EFF not ideal for Heavy Attack spam,,,
,,,,,,,,
,CC,CD,DMG,,,,,
,,,,,,,,
[Quatz],MS,CD,CC* > FR / TOX / DMG / SC,IMP > Z / PFS > PUNC > REC,* CC roll bad for use but sells well,,,
,,,,,,,,
[Quellor],MS,CD,CC > TOX / FR / DMG / SC,IMP > PUNC > Z > REC,Alt-fire is usable for [Internal Bleeding] and has forced impact proc,,,
,,,,,"so -IMP is harmless for IB, but for general use it's less damage",,,
[Rabvee],AS,RNG,CD > ELEC(infl),IMP > PUNC,* -EFF not ideal for Heavy Attack spam,,,
,,,,,,,,
,CC,CD,DMG / AS / ELEC(infl),SLIDE / FIN / EFF*,[Exodia Contagion] rolls  |  -IMP/PUNC/SL equally bad for it,,,
,,,,,,,,
[Rauta],MS,CD,CC > FR / TOX / DMG / SC,REC > SL > DMG*,* -DMG only used for primer / combo builder rolls,,,
,,,,,,,,
,MAG,FR,RLS / SC / MS,,,,,
,,,,,,,,
[Rattleguts],MS,CD,CC > FR / TOX / DMG / SC,IMP / PUNC > Z > REC > AMMO*,* Infinite Ammo Battery with [Pax Charge],,,
,,,,,,,,
[Reaper Prime],AS,RNG,CD > ELEC(infl),SLIDE > FIN / EFF / SL(infl),,,,
,,,,,,,,
,CC,CD,DMG / AS,,,,,
,,,,,,,,
[Reconifex],MS,CC / CD,CC > TOX / HEAT* / FR / DMG / SC,IMP / Z > PUNC > REC,* Modded HEAT gets added to forced heat procs from reload gimmick,,,
,,,,,,,,
[Redeemer],CC,DMG,CD / IC,SLIDE > FIN / EFF* / SL(infl),* -EFF not ideal for Heavy Attack spam,,,
,,,,,,,,
,CD,AS,CC / ELEC(infl),,,,,
,,,,,,,,
[Riot-848],MS,CD,CC > FR / TOX / DMG / SC,PUNC* / Z > REC > AMMO**,* -PUNC removes most of the base damage but sells well,,,
,,,,,,,,
,,,,,** Infinite Ammo (projectiles return to magazine gimmick),,,
,,,,,,,,
[Ripkas],AS,RNG,CD > ELEC(infl),SLIDE / FIN / EFF / SL(infl)*,* -SL bad for arena endo farm,,,
,,,,,,,,
,CC,CD,DMG / AS,,,,,
,,,,,,,,
[Rubico],MS,CD,CC > DMG / FR > TOX / SC,Z / IMP > REC,,,,
,,,,,,,,
[Rumblejack],AS,RNG,CD > ELEC(infl),IMP > PUNC(0%) / SL(0%) > SLIDE / EFF / FIN,,,,
,,,,,,,,
,CC,CD,DMG / AS,,,,,
,,,,,,,,
[Ruvox],AS,RNG,CD > ELEC(infl),IMP > SLIDE > FIN / EFF*,* -EFF not ideal for Heavy Attack spam,,,
,,,,,,,,
,CC,CD,DMG / ELEC(infl) / AS / SC**,,** SC Heavy roll may be good for Vulnerability Serum perk,,,
,,,,,,,,
[Sagek Prime],MS,CD,CC > FR / TOX / DMG / SC,IMP > Z > PUNC > REC,,,,
,,,,,,,,
[Sampotes],CC,CD / DMG,CD > ELEC(infl),IMP > SLIDE > FIN / EFF*,* -EFF not ideal for Heavy Attack spam,,,
,,,,,,,,
,AS,RNG,CD > ELEC(infl),,,,,
,,,,,,,,
[Sarofang],AS,RNG,CD > ELEC(infl),IMP > SLIDE / FIN / EFF* / SL(infl),* -EFF not ideal for Heavy Attack spam,,,
,,,,,,,,
,CC,CD,DMG / AS,,,,,
,,,,,,,,
[Sarpa],CC,DMG,CD / IC,SLIDE > FIN / EFF*,* -EFF not ideal for Heavy Attack spam,,,
,,,,,,,,
,CC,CD,AS,,,,,
,,,,,,,,
,AS / IC,CCC / IC,IC / NONE,ANY (not AS/CCC),Eidolon rolls,,,
,,,,,,,,
[Scindo],AS,RNG,CD > ELEC(infl),SLIDE / FIN / EFF / SL(infl),,,,
,,,,,,,,
,CC,CD,DMG / AS,,,,,
,,,,,,,,
[Scoliac],AS,RNG,CD > ELEC(infl),SLIDE / FIN / EFF / SL(infl),,,,
,,,,,,,,
,CC,CD,DMG,,,,,
,,,,,,,,
[Scourge],MS,FR,RLS,Z > REC,* CC roll bad for use but sells well,,,
,,,,,,,,
,MS,DMG / FR,SC,,,,,
,,,,,,,,
,MS,CD,CC* / FR / DMG / TOX / SC / RLS,,,,,
,,,,,,,,
[Scyotid],MS,SC,MAG / FR / TOX / DMG,Z > REC,,,,
,,,,,,,,
,MS,CD,CC > FR / TOX / DMG / SC,,,,,
,,,,,,,,
[Seer],MS,CD,CC > FR / TOX / DMG / SC,PUNC / IMP > Z > REC,,,,
,,,,,,,,
[Sepfahn],AS,RNG,CD > ELEC(infl),PUNC > IMP > SL(infl),* -EFF not ideal for Heavy Attack spam,,,
,,,,,,,,
,CC,CD,DMG / AS / ELEC(infl),SLIDE / FIN / EFF*,[Exodia Contagion] rolls  |  -IMP/PUNC/SL equally bad for it,,,
,,,,,,,,
[Sepulcrum],MS,CD,CC > FR / RLS / TOX / DMG / SC,PUNC > Z > REC,,,,
,,,,,,,,
,MS,TOX,FR / RLS / DMG,,,,,
,,,,,,,,
[Serro],AS,RNG,CD > ELEC(infl),SLIDE / FIN / EFF,,,,
,,,,,,,,
,CC,CD,DMG / AS,,,,,
,,,,,,,,
[Shaku],AS,RNG,CD > ELEC(infl),IMP > SLIDE / FIN / EFF,,,,
,,,,,,,,
,CC,CD,DMG / AS,,,,,
,,,,,,,,
[Shedu],MS,CC > CD,CC / TOX > FR / DMG / SC,Z > REC > AMMO*,* Infinite Ammo Battery,,,
,,,,,,,,
[Sheev],AS,RNG,CD > ELEC(infl),SLIDE / EFF / FIN / SL(infl),,,,
,,,,,,,,
,CC,CD,DMG / AS,,,,,
,,,,,,,,
[Sibear],AS,RNG,CD > ELEC(infl),SLIDE > FIN / EFF*,* -EFF not ideal for Heavy Attack spam,,,
,,,,,,,,
,CC,CD,DMG / AS / IC,,,,,
,,,,,,,,
[Sicarus],MS,CD,CC > PT / FR / TOX / DMG / SC,IMP > Z / PFS* > REC,* Vintage negative,,,
,,,,,,,,
,MS,DMG,TOX > CC,Z > PFS* > REC,Profit Taker,,,
,,,,,,,,
[Sigma & Octantis],AS,RNG,CD > ELEC(infl),SLIDE / FIN / EFF / SL(infl),,,,
,,,,,,,,
,CC,CD,DMG / AS,,,,,
,,,,,,,,
[Silva & Aegis],AS,RNG,CD / ELEC(infl),SLIDE / FIN / EFF,,,,
,,,,,,,,
,CC,CD,DMG / AS,,,,,
,,,,,,,,
[Simulor],MS*,CD,CC > TOX / FR / DMG / SC,IMP / Z / REC,* MS has an exact 100% breakpoint on Synoid variant,,,
,,,,,,,,
,CC,CD,DMG / ELEC,,,,,
,,,,,,,,
[Skana],AS,RNG,CD > ELEC(infl),SLIDE / FIN / EFF / SL(infl),,,,
,,,,,,,,
,CC,CD,DMG / AS,,,,,
,,,,,,,,
[Skiajati],AS,RNG,CD > ELEC(infl),SLIDE / EFF / FIN* / SL(infl),* -FIN harmful for invisibility on finishers gimmick,,,
,,,,,,,,
,CC,CD,DMG / AS,,,,,
,,,,,,,,
[Slaytra],AS,RNG,CD > ELEC(infl),PUNC > EFF / FIN / SLIDE / SL(infl),,,,
,,,,,,,,
,CC,CD,DMG / AS,,,,,
,,,,,,,,
[Snipetron],MS,CC > CD,CC > TOX / FR / DMG / SC,Z > PUNC > REC,,,,
,,,,,,,,
[Sobek],MS,FR,NONE > CD / DMG > ELEC,AMMO / RLS / SC* > IMP** > REC,Cyte rolls  |  * -SC only for arbitrations,,,
,,,,,,,,
,MS,TOX,DMG / FR,IMP** > REC,** -IMP is less damage for [Acid Shells] but sells well,,,
,,,,,,,,
,TOX,NONE > MS,DTG / DTC / DTI,,,,,
,,,,,,,,
,MS,CD,CC / FR / TOX / DMG / SC,,,,,
,,,,,,,,
[Soma],MS,CD,CC > TOX / FR / DMG / SC,PUNC > Z > REC > AMMO(inc) > MAG(inc),,,,
,,,,,,,,
[Sonicor],MS,FR,SC / DMG,IMP > Z > REC,* CC roll bad for use but sells,,,
,,,,,,,,
,MS,CD,CC* / FR / TOX / DMG / SC,,,,,
,,,,,,,,
[Spectra],MS,CC > CD,CC > FR  / PT / DMG / SC / TOX,PUNC > Z > REC,,,,
,,,,,,,,
[Spinnerex],AS,RNG,CD > ELEC(infl),SLIDE / FIN / EFF,,,,
,,,,,,,,
,CC,CD,DMG / AS,,,,,
,,,,,,,,
[Spira],MS,CD,CC > FR / TOX / DMG / SC,PUNC > Z >REC,,,,
,,,,,,,,
[Sporelacer],MS,CD,CC > FR / TOX / DMG / SC,IMP > PUNC(0%) / Z / SL(0%) > REC > AMMO*,* Infinite Ammo Battery with [Pax Charge],,,
,,,,,,,,
[Sporothrix],MS,FR / SC,ELEC / SC / DMG > RLS,IMP / Z > PUNC > SL / REC,* CC roll bad for use but sells well,,,
,,,,,,,,
,MS,CD,CC* > TOX / FR / DMG / SC,,,,,
,,,,,,,,
[Stahlta],MS,CD,CC > TOX / FR / DMG / SC,PUNC* / Z > REC > SL*,* -PUNC and -SL are less damage for Alt-fire,,,
,,,,,,,,
,CC,CD,TOX / DMG > FR,,[Primary Acuity] rolls,,,
,,,,,,,,
[Staticor],MS,FR,DMG / SC,Z > REC,* CC roll bad for use but sells,,,
,,,,,,,,
,MS,CD,FR / CC* > TOX / DMG / SC,,,,,
,,,,,,,,
[Steflos],MS,CD,CC > FR / TOX / DMG / SC,IMP > REC > AMMO,,,,
,,,,,,,,
,MS,DMG,TOX / FR,,,,,
,,,,,,,,
[Stinger],MS,FR / SC,SC / PT / COLD,DTI > DTC,,,,
,,,,,,,,
[Stradavar],MS,CD,CC > TOX / FR / DMG / SC,IMP > PUNC / Z > REC,,,,
,,,,,,,,
[Stropha],CC,DMG,CD / IC,IMP* / PUNC > SLIDE / FIN / EFF**,* -IMP is better for the projectile,,,
,,,,,,,,
,CC,CD,AS,,** -EFF not ideal for Heavy Attack spam,,,
,,,,,,,,
[Strun],MS,CD,CC* / SC / FR / TOX / ELEC / DMG,IMP > REC > SL(inc) > AMMO(inc),* CC mainly for value,,,
,,,,,,,,
[Stubba],MS,CD,CC > FR / TOX / DMG / SC,IMP > Z / PFS* > REC,* Vintage negative,,,
,,,,,,,,
[Stug],MS,CD,CC > FR / TOX / DMG / SC,Z > REC / AMMO(inc) / MAG(inc),,,,
,,,,,,,,
[Sun & Moon],AS,RNG,CD > ELEC(infl),SLIDE / FIN / EFF / SL(infl),,,,
,,,,,,,,
,CC,CD,DMG / AS,,,,,
,,,,,,,,
[Supra],MS,CD,CC > TOX / FR / DMG / SC,PUNC > Z > REC,,,,
,,,,,,,,
[Sweeper],MS,FR,SC / PT / DMG,IMP > DTI > DTC,,,,
,,,,,,,,
,MS,CD,CC,IMP,,,,
,,,,,,,,
[Syam],AS,RNG,CD > ELEC(infl),PUNC > SLIDE / FIN / EFF** / SL(infl),* +SC / ELEC on second row for Heavy Attack influence,,,
,,,,,,,,
,CC,CD,DMG / SC(infl)* / ELEC(infl)* / AS,,** -EFF not ideal for Heavy Attack spam,,,
,,,,,,,,
[Sybaris],MS,CD,CC > TOX / FR / DMG / SC,IMP > Z / PUNC > AMMO(inc) / REC / SL > MAG(inc),,,,
,,,,,,,,
[Sydon],AS,RNG,CD > ELEC(infl),PUNC > SLIDE / FIN / EFF / SL(infl),,,,
,,,,,,,,
,CC,CD,DMG / AS,,,,,
,,,,,,,,
[Synapse],MS,CD,CC > TOX / FR / DMG / SC,Z > REC,,,,
,,,,,,,,
,CC,CD,DMG / ELEC,,[Primary Acuity] rolls,,,
,,,,,,,,
[Tak & Lug],AS,RNG,CD > ELEC(infl),SLIDE / FIN / EFF / SL(infl),,,,
,,,,,,,,
,CC,CD,DMG / AS,,,,,
,,,,,,,,
[Talons],CC,CD,DMG / FR / TOX,IMP > Z > REC,,,,
,,,,,,,,
,MS,CD,CC > FR / TOX / DMG / SC,,,,,
,,,,,,,,
[Tatsu],AS,RNG,CD > ELEC(infl),PUNC > IMP > SLIDE > FIN / EFF* / SL(infl),* -EFF not ideal for Heavy Attack spam,,,
,,,,,,,,
,CC,CD,DMG / AS,,,,,
,,,,,,,,
[Tazicor],MS,FR,PT / SC,DTI > DTC,,,,
,,,,,,,,
[Tekko],AS,RNG,CD > ELEC(infl),SLIDE / FIN / EFF / SL(infl),,,,
,,,,,,,,
,CC,CD,DMG / AS,,,,,
,,,,,,,,
[Tenet Agendus],AS,RNG,CD > ELEC(infl),IMP > PUNC(0%) / SL(0%) > SLIDE / FIN / EFF*,* -EFF not ideal for Heavy Attack spam,,,
,,,,,,,,
,CC,CD,DMG / AS,,,,,
,,,,,,,,
[Tenet Diplos],MS,CD,CC > FR / TOX / DMG / SC,IMP > Z > PUNC > REC,* Viral rolls are outdated profit taker rolls but still sell,,,
,,,,,,,,
,TOX,COLD,MS > DMG > CD > DTC*,,and do not want -imp/punc,,,
,,,,,,,,
[Tenet Envoy],MS,CD,CC > TOX / FR / DMG / SC,IMP > Z > REC,,,,
,,,,,,,,
[Tenet Exec],AS,RNG,CD > ELEC(infl),IMP* > SLIDE / FIN / EFF** > SL(infl),* -IMP is harmful to Heavy Slam damage,,,
,,,,,,,,
,AS,CC,CD,,** -EFF not ideal for Heavy Attack spam,,,
,,,,,,,,
,DMG,CC,CD / NONE / TOX / ELEC(infl),,Heavy Slam rolls  |  -IMP is good for influence slam as an exception,,,
,,,,,,,,
[Tenet Grigori],AS,RNG,CD > ELEC(infl),PUNC > SLIDE / FIN / EFF* > SL(infl),Launches an energy disk on certain heavy attacks.,,,
,,,,,Disk is unaffected by melee damage mods or arcanes,,,
,CC,CD,DMG / AS,,* -EFF not ideal for Heavy Attack spam,,,
,,,,,,,,
[Tenet Livia],AS,RNG,CD > ELEC(infl),SLIDE / FIN / EFF* / SL(infl),* -EFF not ideal for Heavy Attack spam,,,
,,,,,,,,
,CC,CD,DMG / AS,,,,,
,,,,,,,,
[Tenet Spirex],MS,CD,CC > TOX / DMG / FR* / SC,IMP > PUNC / Z / SL(0%) > REC,* +FR bad for [Hemorrhage]   |   weapon has forced impact,,,
,,,,,,,,
[Tenora],MS,CD,CC > TOX / FR / DMG / SC,IMP > PUNC / Z > REC,,,,
,,,,,,,,
[Tetra],MS,CD,CC > TOX / FR / DMG / SC,PUNC > Z > MAG* > REC,* -MAG is best negative for Tenet alt-fire spam,,,
,,,,,,,,
[Thalys],AS,RNG,CD > ELEC(infl),SLIDE / FIN / EFF* / SL(infl),* -EFF not ideal for Heavy Attack spam,,,
,,,,,,,,
,CC,CD,DMG / AS,,,,,
,,,,,,,,
[Thornbak],MS,DMG,FR / SC,IMP > PUNC / Z > REC,* CC roll bad for use but sells,,,
,,,,,,,,
,MS,CD,CC* > TOX / FR / DMG / SC,,,,,
,,,,,,,,
[Tiberon],MS,CD,CC > TOX / FR / DMG / SC,PUNC > Z > REC,"Has unique mod [Critical Precision], but CC roll still sells well",,,
,,,,,,,,
[Tigris],MS,CD,CC > TOX / DMG / PT > SC / FR,REC > SL > AMMO,,,,
,,,,,,,,
,MS,DMG,TOX / FR / PT,,,,,
,,,,,,,,
[Tipedo],AS,RNG,CD > ELEC(infl),SLIDE / FIN / EFF / SL(infl),,,,
,,,,,,,,
,CC,CD,DMG / AS,,,,,
,,,,,,,,
[Tombfinger],MS,CD,CC > FR / TOX / DMG / SC,IMP > PUNC > Z / SL(0%) > REC > AMMO*,* Infinite Ammo Battery with [Pax Charge],,,
,,,,,,,,
[Tonbo],AS,RNG,CD > ELEC(infl),EFF / FIN / SLIDE / SL(infl),,,,
,,,,,,,,
,CC,CD,DMG,,,,,
,,,,,,,,
[Tonkkatt],AS,RNG,CD > ELEC(infl),SLIDE / FIN / EFF / SL(infl),,,,
,,,,,,,,
,CC,CD,DMG / AS,,,,,
,,,,,,,,
[Tonkor],MS,CD,CC > RLS / DMG / TOX / SC,PUNC > Z / MAG* > REC > FR**,* single shot magazine -MAG harmless,,,
,,,,,** -FR unnoticeable increase to reload delay,,,
[Torid],MS,CD,CC > FR / DMG / COLD / TOX,Z > MAG(inc)* / REC / AMMO(inc),* -MAG minimum 50% breakpoint for evolutions,,,
,,,,,,,,
,CC,CD,DMG / HEAT / TOX,,,,,
,,,,,,,,
[Trumna],MS,CD,TOX / CC > FR / DMG / RLS / SC,Z / PFS >> REC,,,,
,,,,,,,,
[Twin Basolk],AS,RNG,CD > ELEC(infl),SLIDE / FIN / EFF,,,,
,,,,,,,,
,CC,CD,DMG / AS,,,,,
,,,,,,,,
[Twin Grakatas],MS,CD,CC > FR / TOX / DMG / SC,IMP > Z / PFS* > PUNC > REC,* Vintage negative,,,
,,,,,,,,
[Twin Gremlins],MS,CD,CC > FR / TOX / DMG / SC,IMP / PUNC > Z > REC,,,,
,,,,,,,,
[Twin Kohmak],MS,CD,CC* > FR / TOX / DMG / SC,Z > SL > REC,* CC roll bad for use but sells,,,
,,,,,,,,
[Twin Krohkur],AS,RNG,CD > ELEC(infl),SLIDE / FIN / EFF / SL(infl),,,,
,,,,,,,,
,CC,CD,DMG / AS,,,,,
,,,,,,,,
[Twin Rogga],MS,CD,CC > FR / TOX / DMG / PT / SC,IMP > Z > PUNC > REC,rivens won't save this,,,
,,,,,,,,
[Twin Vipers],MS,CD,CC > FR / TOX / DMG / SC,IMP > Z / PFS* > REC,* Vintage negative,,,
,,,,,,,,
[Tysis],MS,FR / DMG,SC / DMG / TOX,IMP > PUNC / Z > REC,* CC roll bad for use but sells well,,,
,,,,,,,,
,MS,CD,CC* > FR / TOX / DMG / SC,,,,,
,,,,,,,,
[Vadarya Prime],MS,CD,CC / SC > DMG / FR > ELEC,Z / PFS* > REC,* Vintage negative,,,
,,,,,,,,
,CC,CD,SC > DMG / FR > ELEC,,[Primary Acuity] rolls,,,
,,,,,,,,
[Vastilok],CC,DMG,CD / IC,SLIDE > FIN / EFF* / SL(infl),* -EFF not ideal for Heavy Attack spam,,,
,,,,,,,,
,CD,CC / AS,AS / ELEC(infl),,,,,
,,,,,,,,
,AS / IC,CCC / IC,IC / NONE,ANY (not AS/CCC),Eidolon rolls,,,
,,,,,,,,
[Vasto],MS,CD,CC > FR / TOX / DMG / SC,Z > PFS* / REC > AMMO(inc) / SC(inc) / MAG(inc),* Vintage negative | harmful for incarnon | harmless for incarnoff,,,
,,,,,,,,
,CD,DMG,TOX / CC / FR,,,,,
,,,,,,,,
[Vectis],MS,CC / CD,CC > DMG / FR / HEAT / TOX / SC,MAG > Z / IMP > PUNC > REC / AMMO(inc),,,,
,,,,,,,,
,CC,CD,DMG / FR / HEAT / TOX,,[Primary Acuity] rolls,,,
,,,,,,,,
[Veldt],MS,CD,CC > TOX / FR / DMG / SC,IMP > Z / PUNC > REC,,,,
,,,,,,,,
[Velocitus],CC,FR,CD / DTC / ELEC / COLD,Z > AMMO / SC / SD / DTI / DTG,Profit Taker rolls that sell well,,,
,,,,,,,,
,MS,CD,CC > TOX / FR / DMG / SC,Z > REC,,,,
,,,,,,,,
[Velox],MS,CD,CC > FR / TOX / DMG / SC,PUNC > Z / PFS* > REC,* Vintage negative,,,
,,,,,,,,
[Venato],AS,RNG,CD > ELEC(infl),PUNC > SLIDE / FIN / EFF,,,,
,,,,,,,,
,CC,CD,DMG / AS,,,,,
,,,,,,,,
[Venka],AS,RNG,CD > ELEC(infl),SLIDE / FIN / EFF / SL(infl),,,,
,,,,,,,,
,CC,CD,DMG / AS,,,,,
,,,,,,,,
[Verdilac],AS,RNG,CD > ELEC(infl),PUNC > SLIDE / FIN / EFF / SL(infl),,,,
,,,,,,,,
,CC,CD,DMG / AS,,,,,
,,,,,,,,
[Verglas],MS,DMG,HEAT / FR,CC / DTI,* +CC minimum 257.2% breakpoint for [Tenacious Bond],,,
,,,,,,,,
,NONE,CC*,MS > ANY,DTI > DTC > MAG,,,,
,,,,,on Prime variant with 2+1-,,,
,MS,CD,CC / FR / DMG / TOX / SC,,,,,
,,,,,,,,
[Vericres],AS,RNG,CD > ELEC(infl),SLIDE / FIN / EFF / SL(infl),,,,
,,,,,,,,
,CC,CD,DMG / AS,,,,,
,,,,,,,,
[Vermisplicer],MS,CD,CC > FR / TOX / DMG / SC,IMP / PUNC > Z > REC > AMMO* > SL,* Infinite Ammo Battery with [Pax Charge],,,
,,,,,,,,
[Vesper 77],MS,CD,CC > FR / TOX / DMG / SC,IMP > PUNC > Z > REC,,,,
,,,,,,,,
,CD,DMG,CC / PT / FR / TOX,,[Pistol Acuity] [Leaded Gas] rolls,,,
,,,,,,,,
[Vinquibus] (Rifle),MS,CD,CC > TOX / FR / DMG / SC,PUNC > Z > REC,,,,
,,,,,,,,
,CC,CD,DMG,,[Primary Acuity] rolls,,,
,,,,,,,,
[Vinquibus] (Melee),AS,RNG,CD > ELEC(infl),PUNC > SLIDE / FIN / EFF,,,,
,,,,,,,,
,CC,CD,DMG / AS,,,,,
,,,,,,,,
[Viper],MS,CD,CC > FR / TOX / DMG / SC,IMP > Z / PFS* > REC,* Vintage negative,,,
,,,,,,,,
[Vitrica],AS,RNG,CD > ELEC(infl),IMP > PUNC > SLIDE > FIN / EFF* / SL(infl),* -EFF not ideal for Heavy Attack spam,,,
,,,,,,,,
,CC,CD,DMG / AS,,,,,
,,,,,,,,
[Volnus],AS,RNG,CD > ELEC(infl),PUNC > SLIDE > FIN / EFF* / SL(infl),* -EFF not ideal for Heavy Attack spam,,,
,,,,,,,,
,CC,CD,DMG / AS,,,,,
,,,,,,,,
[Vulcax],MS,CD,CC,MAG* > DTI > DTC,* single shot magazine -MAG harmless,,,
,,,,,,,,
[Vulkar],MS,CC*,CD > TOX / FR / DMG / SC,Z > IMP > REC,* CC minimum 200% breakpoint on Wraith variant,,,
,,,,,,,,
[Vulklok],MS,CC > CD,CC > TOX / FR / DMG / SC,DTI > DTC,,,,
,,,,,,,,
[War],AS,RNG,CD > ELEC(infl),IMP > SLIDE / FIN / EFF,,,,
,,,,,,,,
,CC,CD,DMG / AS,,,,,
,,,,,,,,
[Wolf Sledge],AS,RNG,CD > ELEC(infl),IMP > SLIDE > FIN / EFF*,* -EFF not ideal for Heavy Attack spam,,,
,,,,,,,,
,CC,DMG,CD / ELEC(infl),,,,,
,,,,,,,,
[Wrath],AS,RNG,CD > ELEC(infl),SLIDE / FIN / EFF* / SL(infl),* -EFF not ideal for Heavy Attack spam,,,
,,,,,,,,
,CC,CD,DMG,,,,,
,,,,,,,,
[Xoris],CC,ELEC(infl),DMG / CD / IC / NONE,PUNC / SLIDE > SL(infl) / FIN / EFF*,* -EFF not ideal for Heavy Attack spam,,,
,,,,,,,,
,CC,CD,DMG,,,,,
,,,,,,,,
[Zakti],MS,DMG / SC,SC / TOX / FR,IMP > PUNC / Z > REC,* CC roll bad for use but sells well,,,
,,,,,,,,
,MS,CD,CC* / TOX / SC / DMG / FR,,,,,
,,,,,,,,
[Zarr],MS,CD,CC > FR / TOX / DMG / SC,IMP > Z > REC,,,,
,,,,,,,,
[Zenistar],AS,RNG,CD / ELEC(infl) / IC / NONE,SLIDE / FIN / EFF*,* -EFF not ideal for Heavy Attack spam,,,
,,,,,,,,
,CC,CD,DMG,,,,,
,,,,,,,,
[Zenith],MS,CD,CC > TOX / FR / DMG / SC,Z > REC,,,,
,,,,,,,,
,MS*,CD / DMG,NONE / FR,AMMO / Z > SC / SD / DTI / DTC / DTG / RLS,Eidolon rolls  |  * Minimum 100% Multishot breakpoint for 3+1-,,,
,,,,,,,,
,CC,CD,NONE,,,,,
,,,,,,,,
[Zhuge],MS,CD,CC > TOX / FR / DMG / SC,PUNC > Z > REC,,,,
,,,,,,,,
[Zylok],MS,CD,CC > FR / TOX / DMG / SC / PT,IMP > Z / PFS* / REC / AMMO(inc),* Vintage negative,,,
,,,,,,,,
,CC,CD,DMG / HEAT / FR / SC,,,,,
,,,,,,,,
[Zymos],MS,CD,CC* > FR / TOX / DMG** / SC,IMP / PUNC > Z > REC,* CC roll sells well but modded CC is bad for use. Only outsourced CC,,,
,,,,,from frame abilities or [Secondary Enervate] make the weapon usable,,,
,MS,FR / DMG / SC,FR / DMG / SC / TOX,,"** DMG doesn't work on spore AoE which is most of the damage output,",,,
,,,,,but DMG roll will still have good sale value,,,